Users,Region
U786917100,Oakville
U465447843,Hamilton
U183942414,London
U221020388,Kitchener
U786917100,Guelph
U549214358,London
U600077683,Hamilton
U570328914,Waterloo
U856551731,London
U786917100,Toronto
U906475394,Waterloo
U492400767,Kitchener
U570328914,Guelph
U818535007,Toronto
U719547209,Oakville
U413622950,Stratford
U492400767,Waterloo
U818535007,Brampton
U465447843,London
U906475394,Guelph
U492400767,Mississauga
U856551731,Toronto
U367822255,Kitchener
U413622950,Brampton
U446549091,Mississauga
U367822255,Toronto
U178446697,Brampton
U906475394,London
U413622950,Waterloo
U221020388,London
U933654038,Oakville
U667424015,London
U933654038,Mississauga
U367822255,Hamilton
U183942414,Waterloo
U701638904,Oakville
U413622950,Oakville
U906475394,Mississauga
U446549091,Toronto
U834545224,Oakville
U446549091,Brampton
U701638904,Kitchener
U211488868,Brampton
U211488868,Mississauga
U667424015,Toronto
U856551731,Kitchener
U178446697,London
U694195181,Oakville
U183942414,Stratford
U834545224,Toronto
